{
  "astro": {
    "revision": "ec0f9f945a08372952403f736a1f783d1679b0ac"
  },
  "bash": {
    "revision": "275effdfc0edce774acf7d481f9ea195c6c403cd"
  },
  "beancount": {
    "revision": "4cbd1f09cd07c1f1fabf867c2cf354f9da53cc4c"
  },
  "bibtex": {
    "revision": "ccfd77db0ed799b6c22c214fe9d2937f47bc8b34"
  },
  "c": {
    "revision": "517bf92b2c5e8baa4241cbb8a49085ed7c3c48d4"
  },
  "c_sharp": {
    "revision": "9c494a503c8e2044bfffce57f70b480c01a82f03"
  },
  "clojure": {
    "revision": "e57c569ae332ca365da623712ae1f50f84daeae2"
  },
  "cmake": {
    "revision": "599836393074e4744d78dad76b8b8eb8e1f690ff"
  },
  "comment": {
    "revision": "a37ca370310ac6f89b6e0ebf2b86b2219780494e"
  },
  "commonlisp": {
    "revision": "c7e814975ab0d0d04333d1f32391c41180c58919"
  },
  "cooklang": {
    "revision": "5e113412aadb78955c27010daa4dbe1d202013cf"
  },
  "cpp": {
    "revision": "38d8b495bd43977498f0eb122e0f9cfef8526d18"
  },
  "css": {
    "revision": "a03f1d2d1dfbf6f8e0fdca5f9ff030228241eb57"
  },
  "cuda": {
    "revision": "791d9f9e30958a5f951875342ec8b6f737b39533"
  },
  "d": {
    "revision": "c2fbf21bd3aa45495fe13247e040ad5815250032"
  },
  "dart": {
    "revision": "6fc75e0478e89a6adef4903069b0035247378665"
  },
  "devicetree": {
    "revision": "877adbfa0174d25894c40fa75ad52d4515a36368"
  },
  "dockerfile": {
    "revision": "25c71d6a24cdba8f0c74ef40d4d2d93defd7e196"
  },
  "dot": {
    "revision": "917230743aa10f45a408fea2ddb54bbbf5fbe7b7"
  },
  "eex": {
    "revision": "f742f2fe327463335e8671a87c0b9b396905d1d1"
  },
  "elixir": {
    "revision": "5d0c1bfcdf8aaad225525acad930a972b319a675"
  },
  "elm": {
    "revision": "a9a8efad446f78db3989d7ed8517987daf510c83"
  },
  "elvish": {
    "revision": "e50787cadd3bc54f6d9c0704493a79078bb8a4e5"
  },
  "embdedded_template": {
    "revision": "d21df11b0ecc6fd211dbe11278e92ef67bd17e97"
  },
  "embedded_template": {
    "revision": "1a538da253d73f896b9f6c0c7d79cda58791ac5c"
  },
  "erlang": {
    "revision": "fab680273af1a8f5cc0c3a0c62cbf5b1bea71f39"
  },
  "fennel": {
    "revision": "517195970428aacca60891b050aa53eabf4ba78d"
  },
  "fish": {
    "revision": "8a3571fc4a702b216ff918a08c9c5895df7ea06c"
  },
  "foam": {
    "revision": "fdb7f14b885abfc4df57728c9b2a2f2ad24d3cb7"
  },
  "fortran": {
    "revision": "f0f2f100952a353e64e26b0fa710b4c296d7af13"
  },
  "fusion": {
    "revision": "19db2f47ba4c3a0f6238d4ae0e2abfca16e61dd6"
  },
  "gdscript": {
    "revision": "2a6abdaa47fcb91397e09a97c7433fd995ea46c6"
  },
  "gleam": {
    "revision": "cfcbca3f8f734773878e00d7bfcedea98eb10be2"
  },
  "glimmer": {
    "revision": "a23d28de811976f3ca310df735fe09a5d2de16ab"
  },
  "glsl": {
    "revision": "a480a02033f8d5c67e798a6f7584ec0d2be568b0"
  },
  "go": {
    "revision": "aeb2f33b366fd78d5789ff104956ce23508b85db"
  },
  "godot_resource": {
    "revision": "b6ef0768711086a86b3297056f9ffb5cc1d77b4a"
  },
  "gomod": {
    "revision": "4a65743dbc2bb3094114dd2b43da03c820aa5234"
  },
  "gowork": {
    "revision": "6dd9dd79fb51e9f2abc829d5e97b15015b6a8ae2"
  },
  "graphql": {
    "revision": "5e66e961eee421786bdda8495ed1db045e06b5fe"
  },
  "hack": {
    "revision": "b7bd6928532ada34dddb1dece4a158ab62c6e783"
  },
  "haskell": {
    "revision": "cf394604ae2ec2a5e65b1afbc7dea21258ede403"
  },
  "hcl": {
    "revision": "45ce22c16ec924e34517cf785e23c07952e45893"
  },
  "heex": {
    "revision": "961bc4d2937cfd24ceb0a5a6b2da607809f8822e"
  },
  "help": {
    "revision": "41ac50500e68fadc139737bbee2a0618628b822b"
  },
  "hjson": {
    "revision": "02fa3b79b3ff9a296066da6277adfc3f26cbc9e0"
  },
  "hocon": {
    "revision": "bb412e2633f4a3611a4e16efe58d917093bb4782"
  },
  "html": {
    "revision": "29f53d8f4f2335e61bf6418ab8958dac3282077a"
  },
  "http": {
    "revision": "bfddd16b1cf78e0042fd1f6846a179f76a254e20"
  },
  "java": {
    "revision": "ac14b4b1884102839455d32543ab6d53ae089ab7"
  },
  "javascript": {
    "revision": "785831303ce3d36f5dd8ada7c4c7d63518d4d2f5"
  },
  "jsdoc": {
    "revision": "189a6a4829beb9cdbe837260653b4a3dfb0cc3db"
  },
  "json": {
    "revision": "368736a6137770f785e1e7479a6be29417eb13aa"
  },
  "json5": {
    "revision": "5dd5cdc418d9659682556b6adca2dd9ace0ac6d2"
  },
  "jsonc": {
    "revision": "02b01653c8a1c198ae7287d566efa86a135b30d5"
  },
  "julia": {
    "revision": "fc60b7cce87da7a1b7f8cb0f9371c3dc8b684500"
  },
  "kotlin": {
    "revision": "a4f71eb9b8c9b19ded3e0e9470be4b1b77c2b569"
  },
  "lalrpop": {
    "revision": "7744b56f03ac1e5643fad23c9dd90837fe97291e"
  },
  "latex": {
    "revision": "b3b2cf27f33e71438ebe46934900b1153901c6f2"
  },
  "ledger": {
    "revision": "1f864fb2bf6a87fe1b48545cc6adc6d23090adf7"
  },
  "llvm": {
    "revision": "e9948edc41e9e5869af99dddb2b5ff5cc5581af6"
  },
  "lua": {
    "revision": "a041a547270c17f3d3aca11cb882f5c8eb88a572"
  },
  "m68k": {
    "revision": "cea0a108493441a4da8b927f7703a226327139f6"
  },
  "make": {
    "revision": "a4b9187417d6be349ee5fd4b6e77b4172c6827dd"
  },
  "markdown": {
    "revision": "142a5b4a1b092b64c9f5db8f11558f9dd4009a1b"
  },
  "markdown_inline": {
    "revision": "142a5b4a1b092b64c9f5db8f11558f9dd4009a1b"
  },
  "ninja": {
    "revision": "0a95cfdc0745b6ae82f60d3a339b37f19b7b9267"
  },
  "nix": {
    "revision": "6b71a810c0acd49b980c50fc79092561f7cee307"
  },
  "norg": {
    "revision": "17d61df817c1e0a9cdef8d915d4e4c556b7cf68c"
  },
  "ocaml": {
    "revision": "cc26b1ef111100f26a137bcbcd39fd4e35be9a59"
  },
  "ocaml_interface": {
    "revision": "cc26b1ef111100f26a137bcbcd39fd4e35be9a59"
  },
  "ocamllex": {
    "revision": "ac1d5957e719d49bd6acd27439b79843e4daf8ed"
  },
  "org": {
    "revision": "bc8a040492b56754a35b3b00a3052fdb7ba12969"
  },
  "pascal": {
    "revision": "2fd40f477d3e2794af152618ccfac8d92eb72a66"
  },
  "perl": {
    "revision": "bbf86084d9b7eb4768f3fb9fe094b3e0600057b1"
  },
  "php": {
    "revision": "ece74b20942a5b23acaf3622512c6d0db1491a7e"
  },
  "phpdoc": {
    "revision": "46d6366a66266f1e9ae00ee7ea27aa9de629ade6"
  },
  "pioasm": {
    "revision": "924aadaf5dea2a6074d72027b064f939acf32e20"
  },
  "prisma": {
    "revision": "17a59236ac25413b81b1613ea6ba5d8d52d7cd6c"
  },
  "proto": {
    "revision": "42d82fa18f8afe59b5fc0b16c207ee4f84cb185f"
  },
  "pug": {
    "revision": "63e214905970e75f065688b1e8aa90823c3aacdc"
  },
  "python": {
    "revision": "de221eccf9a221f5b85474a553474a69b4b5784d"
  },
  "ql": {
    "revision": "b2c2364e833cc9f1afa243ac367f1475330fef63"
  },
  "qmljs": {
    "revision": "3bcf9c4d0911e74307c6d704c1ea242a1e4a2f94"
  },
  "query": {
    "revision": "5217c6805c09f8fc00ed13d17d5fcb791437aee6"
  },
  "r": {
    "revision": "205c2877af33a814386ff275031f88400a011397"
  },
  "rasi": {
    "revision": "e2961f02244c068a67549adf896b0779e4a29516"
  },
  "regex": {
    "revision": "e1cfca3c79896ff79842f057ea13e529b66af636"
  },
  "rego": {
    "revision": "6bf5f8878bef2fb760508bff1ce0262a31925018"
  },
  "rnoweb": {
    "revision": "a429697b1ce2b9cfe49812e92144103c3c0e0c00"
  },
  "rst": {
    "revision": "d4b6c33ec15a4c22d0003dd37a5b20baa352b843"
  },
  "ruby": {
    "revision": "5b305c3cd32db10494cedd2743de6bbe32f1a573"
  },
  "rust": {
    "revision": "36ae187ed6dd3803a8a89dbb54f3124c8ee74662"
  },
  "scala": {
    "revision": "140c96cf398693189d4e50f76d19ddfcd8a018f8"
  },
  "scheme": {
    "revision": "5bb5b2de83d548243fbcc77e76224882ffb4ce68"
  },
  "scss": {
    "revision": "c478c6868648eff49eb04a4df90d703dc45b312a"
  },
  "slint": {
    "revision": "0d4dda94f96623302dfc234e06be62a5717f47da"
  },
  "solidity": {
    "revision": "52ed0880c0126df2f2c7693f215fe6f38e4a2e0a"
  },
  "sparql": {
    "revision": "05f949d3c1c15e3261473a244d3ce87777374dec"
  },
  "sql": {
    "revision": "0caa7fa2ee00e0b770493a79d4efacc1fc376cc5"
  },
  "supercollider": {
    "revision": "90c6d9f777d2b8c4ce497c48b5f270a44bcf3ea0"
  },
  "surface": {
    "revision": "f4586b35ac8548667a9aaa4eae44456c1f43d032"
  },
  "svelte": {
    "revision": "52e122ae68b316d3aa960a0a422d3645ba717f42"
  },
  "swift": {
    "revision": "33948c72fa206d2040cfe0b213d29d5739090ac6"
  },
  "teal": {
    "revision": "1ae8c68e90523b26b93af56feb7868fe4214e2b2"
  },
  "tiger": {
    "revision": "eb1d3714998977ae76ca7c6a102b10ee37efc2b5"
  },
  "tlaplus": {
    "revision": "619cfb34f4e0154120a227dac2ba0f55273812cc"
  },
  "todotxt": {
    "revision": "0207f6a4ab6aeafc4b091914d31d8235049a2578"
  },
  "toml": {
    "revision": "8bd2056818b21860e3d756b5a58c4f6e05fb744e"
  },
  "tsx": {
    "revision": "49e82b1bce36d6046df911901684cd66b5345d58"
  },
  "turtle": {
    "revision": "085437f5cb117703b7f520dd92161140a684f092"
  },
  "typescript": {
    "revision": "49e82b1bce36d6046df911901684cd66b5345d58"
  },
  "v": {
    "revision": "316b6e588de3ed9b310a90672db078fbca970449"
  },
  "vala": {
    "revision": "31a08784cc74b61cb10c5d8314cf8a8aa98aa9a8"
  },
  "verilog": {
    "revision": "8f6b1f357d1231c420404b5f7a368a73c25adfa2"
  },
  "vim": {
    "revision": "c5425cf06a7002cb28587778a28aa231a3e5e054"
  },
  "vue": {
    "revision": "91fe2754796cd8fba5f229505a23fa08f3546c06"
  },
  "wgsl": {
    "revision": "5ca98b174f7dddf69fb7a80c54d49badd1f1f8c4"
  },
  "yaml": {
    "revision": "0e36bed171768908f331ff7dff9d956bae016efb"
  },
  "yang": {
    "revision": "8e9d175982afcefa3dac8ca20d40d1643accd2bd"
  },
  "zig": {
    "revision": "8d3224c3bd0890fe08358886ebf54fca2ed448a6"
  }
}
